title,company_name,link
Flutter 앱 개발자,제네시스네스트,https://www.wanted.co.kr/wd/207381
Flutter 유지 보수/최적화 및 프론트엔드 개발,야미펀,https://www.wanted.co.kr/wd/208007
Flutter 앱 개발자,테일크루(Talecrew),https://www.wanted.co.kr/wd/207368
Flutter 앱 개발자 (3년 이상),에픽코퍼레이션,https://www.wanted.co.kr/wd/162035
Flutter 개발자,와트,https://www.wanted.co.kr/wd/206135
플러터 개발자 (3년 이상),다이노즈,https://www.wanted.co.kr/wd/203296
Flutter 앱 개발자,섬재,https://www.wanted.co.kr/wd/206747
Flutter 모바일 앱 개발자,우리의지금,https://www.wanted.co.kr/wd/139730
Flutter 앱 개발자,제네시스네스트,https://www.wanted.co.kr/wd/207381
Flutter 유지 보수/최적화 및 프론트엔드 개발,야미펀,https://www.wanted.co.kr/wd/208007
Flutter 앱 개발자,테일크루(Talecrew),https://www.wanted.co.kr/wd/207368
Flutter 앱 개발자 (3년 이상),에픽코퍼레이션,https://www.wanted.co.kr/wd/162035
Flutter 개발자,와트,https://www.wanted.co.kr/wd/206135
플러터 개발자 (3년 이상),다이노즈,https://www.wanted.co.kr/wd/203296
Flutter 앱 개발자,섬재,https://www.wanted.co.kr/wd/206747
Flutter 모바일 앱 개발자,우리의지금,https://www.wanted.co.kr/wd/139730
[100억↑투자] 모바일 App 개발자(Flutter),비엘큐(테스트밸리),https://www.wanted.co.kr/wd/181248
[300억↑투자] 다이어트 앱(린다이어트) 모바일 및 Flutter 개발자,인티그레이션(메디스트림),https://www.wanted.co.kr/wd/208113
Flutter 개발자,닥커넥트,https://www.wanted.co.kr/wd/206740
[5년 이상] Mobile (Flutter) 개발자,큐픽스,https://www.wanted.co.kr/wd/207359
Flutter 앱 개발자,더클라우드팩토리,https://www.wanted.co.kr/wd/198773
Flutter 개발자,코보시스,https://www.wanted.co.kr/wd/99737
플러터 모바일 앱 개발자,휴가중,https://www.wanted.co.kr/wd/200961
Flutter APP개발자,온택트헬스,https://www.wanted.co.kr/wd/201343
프론트엔드(Flutter) 개발자,와이엠스타,https://www.wanted.co.kr/wd/192579
Flutter 앱 개발자 (3년 이상),모빌리버스,https://www.wanted.co.kr/wd/207790
크로스플랫폼(flutter)/ 시니어 프론트엔드 엔지니어,하이스트레인저,https://www.wanted.co.kr/wd/202720
Flutter 모바일 개발,인피니티익스체인지코리아,https://www.wanted.co.kr/wd/202018
Flutter 앱 개발자,심버스,https://www.wanted.co.kr/wd/187060
Flutter 어플리케이션 엔지니어(전문연구요원 가능),시너지에이아이,https://www.wanted.co.kr/wd/90497
Flutter 개발자 (병역특례_현역/보충역),넛지헬스케어(캐시워크),https://www.wanted.co.kr/wd/168259
플러터 개발자 (2년 이상),더블유클럽,https://www.wanted.co.kr/wd/73811
